<?xml version="1.0" encoding="UTF-8"?>
<project-private xmlns="http://www.netbeans.org/ns/project-private/1">
    <editor-bookmarks xmlns="http://www.netbeans.org/ns/editor-bookmarks/2" lastBookmarkId="0"/>
    <open-files xmlns="http://www.netbeans.org/ns/projectui-open-files/2">
        <group>
            <file>file:/C:/Users/Admin/Desktop/web/project/web/index.html</file>
            <file>file:/C:/Users/Admin/Desktop/web/project/web/jsp/updateCV.jsp</file>
            <file>file:/C:/Users/Admin/Desktop/web/project/src/java/model/Notification.java</file>
            <file>file:/C:/Users/Admin/Desktop/web/project/src/java/dao/UserDao.java</file>
            <file>file:/C:/Users/Admin/Desktop/web/project/web/jsp/viewSubmittedCVs.jsp</file>
            <file>file:/C:/Users/Admin/Desktop/web/project/src/java/model/User.java</file>
            <file>file:/C:/Users/Admin/Desktop/web/project/web/jsp/viewCV.jsp</file>
            <file>file:/C:/Users/Admin/Desktop/web/project/web/jsp/viewListCV.jsp</file>
            <file>file:/C:/Users/Admin/Desktop/web/project/src/java/controller/DBContext.java</file>
            <file>file:/C:/Users/Admin/Desktop/web/project/web/jsp/notificationMentor.jsp</file>
            <file>file:/C:/Users/Admin/Desktop/web/project/src/java/dao/NotificationDao.java</file>
            <file>file:/C:/Users/Admin/Desktop/web/project/src/java/controller/ManagerServlet.java</file>
            <file>file:/C:/Users/Admin/Desktop/web/project/web/jsp/viewCVStatus.jsp</file>
            <file>file:/C:/Users/Admin/Desktop/web/project/src/java/controller/MentorServlet.java</file>
            <file>file:/C:/Users/Admin/Desktop/web/project/web/login.jsp</file>
            <file>file:/C:/Users/Admin/Desktop/web/project/web/jsp/viewProfiles.jsp</file>
            <file>file:/C:/Users/Admin/Desktop/web/project/src/java/dao/CVDao.java</file>
            <file>file:/C:/Users/Admin/Desktop/web/project/web/jsp/createCV.jsp</file>
            <file>file:/C:/Users/Admin/Desktop/web/project/src/java/model/CV.java</file>
        </group>
    </open-files>
</project-private>
