<?xml version="1.0" encoding="UTF-8"?>
<project-private xmlns="http://www.netbeans.org/ns/project-private/1">
    <editor-bookmarks xmlns="http://www.netbeans.org/ns/editor-bookmarks/2" lastBookmarkId="0"/>
    <open-files xmlns="http://www.netbeans.org/ns/projectui-open-files/2">
        <group>
            <file>file:/D:/SWP391/HappyPrograming/SWP391_HappyPrograming/SWP391_Group6/src/java/controller/manager/ViewCVController.java</file>
            <file>file:/D:/SWP391/HappyPrograming/SWP391_HappyPrograming/SWP391_Group6/src/java/service/admin/AdminService.java</file>
            <file>file:/D:/SWP391/HappyPrograming/SWP391_HappyPrograming/SWP391_Group6/src/java/controller/admin/UpdateSkillController.java</file>
            <file>file:/D:/SWP391/HappyPrograming/SWP391_HappyPrograming/SWP391_Group6/src/java/dal/SkillDBContext.java</file>
            <file>file:/D:/SWP391/HappyPrograming/SWP391_HappyPrograming/SWP391_Group6/web/WEB-INF/view/admin/updateskill.jsp</file>
        </group>
    </open-files>
</project-private>
